title,year,imdb_votes,location,geocode
The Young Savages,1961,1505,"East Harlem, Manhattan, New York City, New York, USA",
The Chosen,1981,1532,"Park Slope, Brooklyn, New York City, New York, USA",
No Way to Treat a Lady,1968,1536,"Lincoln Center for the Performing Arts, Lincoln Center Plaza, Manhattan, New York City, New York, USA",
Breeders,1986,1554,"New York City, New York, USA",
The Landlord,1970,1557,"51 Prospect Place, Brooklyn, New York City, New York, USA",
Mr. Jealousy,1997,1568,"Greenwich Village, Manhattan, New York City, New York, USA",
John and Mary,1969,1571,"Biograph Studios, Bronx, New York City, New York, USA",
The Exploding Girl,2009,1571,"New York City, New York, USA",
The Book of Life,1998,1643,"Staten Island Ferry, New York Harbor, New York City, New York, USA",
They All Laughed,1981,1659,"Manhattan, New York City, New York, USA",
It Felt Like Love,2013,1687,"Brooklyn, New York City, New York, USA",
The Confession,1999,1777,"Battery Park, Manhattan, New York City, New York, USA",
The Confession,1999,1777,"Brooklyn, New York City, New York, USA",
The Confession,1999,1777,"New York City, New York, USA",
The Confession,1999,1777,"Tribeca, Manhattan, New York City, New York, USA",
The House on Carroll Street,1988,1777,"Cherry Lane Theatre - 38 Commerce Street, Greenwich Village, Manhattan, New York City, New York, USA",
The House on Carroll Street,1988,1777,"Greenwich Village, Manhattan, New York City, New York, USA",
The House on Carroll Street,1988,1777,"Manhattan, New York City, New York, USA",
The House on Carroll Street,1988,1777,"New York City, New York, USA",
Side Street,1949,1791,"32nd Street and First Avenue, Manhattan, New York City, New York, USA",
Side Street,1949,1791,"8th Street, Manhattan, New York City, New York, USA",
Side Street,1949,1791,"Battery Park, Manhattan, New York City, New York, USA",
Side Street,1949,1791,"Central Park West, Manhattan, New York City, New York, USA",
Side Street,1949,1791,"Central Park, Manhattan, New York City, New York, USA",
Side Street,1949,1791,"East River, New York City, New York, USA",
Side Street,1949,1791,"Federal Hall, Wall Street, Manhattan, New York City, New York, USA",
Side Street,1949,1791,"Fulton Fishmarket, Fulton Street, Manhattan, New York City, New York, USA",
Side Street,1949,1791,"Greenwich Village, Manhattan, New York City, New York, USA",
Side Street,1949,1791,"Morgue, Bellevue Hospital - 550 First Avenue, Manhattan, New York City, New York, USA",
Side Street,1949,1791,"Park Avenue, Manhattan, New York City, New York, USA",
Side Street,1949,1791,"Polyclinic Hospital, Manhattan, New York City, New York, USA",
Side Street,1949,1791,"Queensboro Bridge, Manhattan, New York City, New York, USA",
Side Street,1949,1791,"Third Avenue El, Manhattan, New York City, New York, USA",
Side Street,1949,1791,"Times Square, Manhattan, New York City, New York, USA",
Side Street,1949,1791,"Wall Street, Manhattan, New York City, New York, USA",
Side Street,1949,1791,"Washington Market, Manhattan, New York City, New York, USA",
Little Fugitive,1953,1820,"2951 West 8th St., Brooklyn, New York City, New York, USA",
Little Fugitive,1953,1820,"Coney Island, Brooklyn, New York City, New York, USA",
"Kiss Me, Guido",1997,1825,"Christopher Street Pier, Greenwich Village, Manhattan, New York City, New York, USA",
"Kiss Me, Guido",1997,1825,"Christopher Street, Greenwich Village, Manhattan, New York City, New York, USA",
"Kiss Me, Guido",1997,1825,"The Bronx, New York City, New York, USA",
Chelsea Walls,2001,1834,"Chelsea Hotel - 222 West 23rd Street, Chelsea, Manhattan, New York City, New York, USA",
Fingers,1978,1842,"Sutton Place Park, 57th Street, Manhattan, New York City, New York, USA",
Fingers,1978,1842,"Corner of Mercer Street, and Broome Street , New York City, New York, USA",
Fingers,1978,1842,"486 Broadway, Manhattan, New York City, New York, USA",
Fingers,1978,1842,"Carnegie Hall - 57th Street & 7th Avenue, Manhattan, New York City, New York, USA",
Fingers,1978,1842,"Central Park, Manhattan, New York City, New York, USA",
Fingers,1978,1842,"Excelsior Athletic Club, 301 East 57th Street, Manhattan, New York City, New York, USA",
Fingers,1978,1842,"New York City, New York, USA",
Fingers,1978,1842,"Pierre Hotel, Fifth Avenue & 61st Street, Manhattan, New York City, New York, USA",
Fingers,1978,1842,"Soho District, Lower Manhattan, Manhattan, New York City, New York, USA",
Plaza Suite,1971,1846,"Plaza Hotel - 750 Fifth Avenue, Manhattan, New York City, New York, USA",
Sunday in New York,1963,1904,"Central Park Lake, Central Park, Manhattan, New York City, New York, USA",
Sunday in New York,1963,1904,"Central Park, Manhattan, New York City, New York, USA",
Sunday in New York,1963,1904,"Manhattan, New York City, New York, USA",
Sunday in New York,1963,1904,"New York City, New York, USA",
Sunday in New York,1963,1904,"Pennsylvania Station, Manhattan, New York City, New York, USA",
"The World, the Flesh and the Devil",1959,1972,"Manhattan, New York City, New York, USA",
Ira & Abby,2006,1975,"New York City, New York, USA",
The Incident,1967,1977,"3rd Avenue, Bronx, New York City, New York, USA",
The Incident,1967,1977,"Biograph Studios, Bronx, New York City, New York, USA",
The Incident,1967,1977,"New York City, New York, USA",
The Incident,1967,1977,"Webster Avenue, Bronx, New York City, New York, USA",
Vigilante,1983,1984,"Brooklyn, New York City, New York, USA",
Vigilante,1983,1984,"New York City, New York, USA",
The Saint of Fort Washington,1993,1988,"New York City, New York, USA",
Shakedown,1988,2012,"Astoria, Queens, New York City, New York, USA",
Shakedown,1988,2012,"Astroland Park, Coney Island, Brooklyn, New York City, New York, USA",
Shakedown,1988,2012,"Times Square, Manhattan, New York City, New York, USA",
Combat Shock,1984,2032,"Port Richmond, Staten Island, New York City, New York, USA",
Combat Shock,1984,2032,"Staten Island, New York City, New York, USA",
Cinemania,2002,2057,"New York City, New York, USA",
Joe,1970,2059,"New York City, New York, USA",
Putney Swope,1969,2091,"New York City, New York, USA",
The Valachi Papers,1972,2092,"New York City, New York, USA",
Puccini for Beginners,2006,2107,"New York City, New York, USA",
The Night We Never Met,1993,2122,"New York City, New York, USA",
The Catered Affair,1956,2158,"1183 Franklin Avenue, Bronx, New York City, New York, USA",
The Catered Affair,1956,2158,"900 Grand Concourse, Bronx, New York City, New York, USA",
The Catered Affair,1956,2158,"Triborough Bridge, Bronx, New York City, New York, USA",
The Catered Affair,1956,2158,"Bronx, New York City, New York, USA",
Those People,2015,2158,"Manhattan, New York City, New York, USA",
Someday This Pain Will Be Useful to You,2011,2178,"New York City, New York, USA",
Mr. Lucky,1943,2179,"George Washington Bridge, Manhattan, New York City, New York, USA",
A Double Life,1947,2187,"Epire Theatre, New York City, New York, USA",
A Double Life,1947,2187,"New York City, New York, USA",
Love the Hard Way,2001,2197,"Bronx, New York City, New York, USA",
Love the Hard Way,2001,2197,"Columbia University - Broadway & 116th Street, Manhattan, New York City, New York, USA",
Love the Hard Way,2001,2197,"Manhattan, New York City, New York, USA",
Love the Hard Way,2001,2197,"New York City, New York, USA",
Love the Hard Way,2001,2197,"Staten Island Ferry, New York Harbor, New York City, New York, USA",
Love the Hard Way,2001,2197,"Tribeca Cinemas, Tribeca, Manhattan, New York City, New York, USA",
Greetings,1968,2376,"Bookmasters Book Store, Manhattan, New York City, New York, USA",
Greetings,1968,2376,"Le Caf Figaro - 184 Bleecker Street, Greenwich Village, Manhattan, New York City, New York, USA",
Greetings,1968,2376,"New York City, New York, USA",
Greetings,1968,2376,"What Not Shop, New York City, New York, USA",
A Price Above Rubies,1998,2378,"Bensonhurst, Brooklyn, New York City, New York, USA",
The Owl and the Pussycat,1970,2431,"New York City, New York, USA",
The Owl and the Pussycat,1970,2431,"Central Park, Manhattan, New York City, New York, USA",
The Owl and the Pussycat,1970,2431,"Club 45, New York City, New York, USA",
The Owl and the Pussycat,1970,2431,"General Motors Building - 767 Fifth Avenue, Manhattan, New York City, New York, USA",
The Owl and the Pussycat,1970,2431,"Lincoln Center - 10 Lincoln Center Plaza, Manhattan, New York City, New York, USA",
The Owl and the Pussycat,1970,2431,"The New School, Manhattan, New York City, New York, USA",
The Owl and the Pussycat,1970,2431,"World Theatre - 153 West 49th Street, Manhattan, New York City, New York, USA",
It Should Happen to You,1954,2447,"New York City, New York, USA",
It Should Happen to You,1954,2447,"Central Park, Manhattan, New York City, New York, USA",
It Should Happen to You,1954,2447,"Columbus Circle, Manhattan, New York City, New York, USA",
It Should Happen to You,1954,2447,"Manhattan, New York City, New York, USA",
Insignificance,1985,2467,"New York City, New York, USA",
Five Corners,1987,2533,"Astoria, Queens, New York City, New York, USA",
Day Zero,2007,2571,"Lower East Side, Manhattan, New York City, New York, USA",
Day Zero,2007,2571,"New York City, New York, USA",
Day Zero,2007,2571,"Penn Station, Manhattan, New York City, New York, USA",
The World of Henry Orient,1964,2584,"Central Park, Manhattan, New York City, New York, USA",
The World of Henry Orient,1964,2584,"Manhattan, New York City, New York, USA",
The World of Henry Orient,1964,2584,"New York City, New York, USA",
The World of Henry Orient,1964,2584,"Sailboat Pond, Central Park, Manhattan, New York City, New York, USA",
The Guitar,2008,2614,"New York City, New York, USA",
The Guitar,2008,2614,"Tompkins Square Park, Greenwich Village, Manhattan, New York City, New York, USA",
Man Push Cart,2005,2681,"New York City, New York, USA",
Beat Street,1984,2697,"Fresh Pond Road Train Station, Fresh Pond Road, Ridgewood, Queens, New York City, New York, USA",
Beat Street,1984,2697,"Fresh Pond Road, Ridgewood, Queens, New York City, New York, USA",
Tui shou,1992,2704,"Chinatown, Manhattan, New York City, New York, USA",
Ash Wednesday,2002,2721,"Greenpoint, Brooklyn, New York City, New York, USA",
Ash Wednesday,2002,2721,"New York City, New York, USA",
Ash Wednesday,2002,2721,"The Blarney Stone Bar, 9th Avenue, Manhattan, New York City, New York, USA",
Urbania,2000,2778,"New York City, New York, USA",
The Killing Floor,2007,2782,"New York City, New York, USA",
Taking Off,1971,2783,"Greenwich Village, Manhattan, New York City, New York, USA",
Taking Off,1971,2783,"New York City, New York, USA",
All Over Me,1997,2801,"12th Avenue, Manhattan, New York City, New York, USA",
All Over Me,1997,2801,"Clinton, Manhattan, New York City, New York, USA",
All Over Me,1997,2801,"New York City, New York, USA",
Bachelor Mother,1939,2821,"Central Park, Manhattan, New York City, New York, USA",
Bachelor Mother,1939,2821,"Times Square, Manhattan, New York City, New York, USA",
XX/XY,2002,2842,"New York City, New York, USA",
The Seven Five,2014,2849,"New York City, New York, USA",
The Seven Five,2014,2849,"Brooklyn, New York City, New York, USA",
A Stranger Among Us,1992,2860,"83rd Precinct, Bushwick, Brooklyn, New York City, New York, USA",
A Stranger Among Us,1992,2860,"Forest Avenue, Ridgewood, Queens, New York City, New York, USA",
A Stranger Among Us,1992,2860,"New York City, New York, USA",
A Stranger Among Us,1992,2860,"Putnam Avenue, Ridgewood, Queens, New York City, New York, USA",
A Stranger Among Us,1992,2860,"Ridgewood, Queens, New York City, New York, USA",
Every Day,2010,2873,"Bayside, Queens, New York City, New York, USA",
Every Day,2010,2873,"Whitestone, Queens, New York City, New York, USA",
Time Out of Mind,2014,2876,"New York City, New York, USA",
Hungry Hearts,2014,2891,"New York City, New York, USA",
Starting Out in the Evening,2007,2902,"Upper West Side, Manhattan, New York City, New York, USA",
Starting Out in the Evening,2007,2902,"New York City, New York, USA",
When Will I Be Loved,2004,2946,"Greenwich Village, Manhattan, New York City, New York, USA",
When Will I Be Loved,2004,2946,"Hudson River Park, Tribeca, Manhattan, New York City, New York, USA",
When Will I Be Loved,2004,2946,"Manhattan, New York City, New York, USA",
Still of the Night,1982,2973,"Boathouse Cafe, Central Park, Manhattan, New York City, New York, USA",
Still of the Night,1982,2973,"Central Park, Manhattan, New York City, New York, USA",
Still of the Night,1982,2973,"Columbia University - Broadway & 116th Street, Manhattan, New York City, New York, USA",
Still of the Night,1982,2973,"Manhattan, New York City, New York, USA",
Still of the Night,1982,2973,"New York City, New York, USA",
Still of the Night,1982,2973,"Trefoil Arch, Central Park, Manhattan, New York City, New York, USA",
The Boys in the Band,1970,3000,"Julius Bar, 159 West 10th Street, Greenwich Village, Manhattan, New York City, New York, USA",
The Boys in the Band,1970,3000,"Greenwich Village, Manhattan, New York City, New York, USA",
The Boys in the Band,1970,3000,"Bergdorf Goodman, 5th Avenue at 58th Street, Manhattan, New York City, New York, USA",
The Boys in the Band,1970,3000,"Doubleday Books, 5th Avenue & 53rd Street, Manhattan, New York City, New York, USA",
The Boys in the Band,1970,3000,"Manhattan, New York City, New York, USA",
The Boys in the Band,1970,3000,"New York Production Center Studios - 221 West 26th Street, Manhattan, New York City, New York, USA",
The Boys in the Band,1970,3000,"Upper East Side, Manhattan, New York City, New York, USA",
Love with the Proper Stranger,1963,3043,"New York City, New York, USA",
End of the Century,2003,3065,"Forest Hills, Queens, New York City, New York, USA",
End of the Century,2003,3065,"Manhattan, New York City, New York, USA",
End of the Century,2003,3065,"Waldorf-Astoria Hotel - 301 Park Avenue, Manhattan, New York City, New York, USA",
Requiem for a Heavyweight,1962,3069,"Downing Stadium, Randall's Island, East River, New York City, New York, USA",
Requiem for a Heavyweight,1962,3069,"New York City, New York, USA",
Requiem for a Heavyweight,1962,3069,"Randall's Island, East River, New York City, New York, USA",
Generation Um...,2012,3099,"Lower East Side, Manhattan, New York City, New York, USA",
Generation Um...,2012,3099,"New York City, New York, USA",
The Dark Corner,1946,3103,"Third Avenue El, Manhattan, New York City, New York, USA",
The Dark Corner,1946,3103,"Burden Mansion, 7 East 91st Street, New York City, New York, USA",
The Dark Corner,1946,3103,"New York City, New York, USA",
Double Whammy,2001,3136,"New York City, New York, USA",
Please Don't Eat the Daisies,1960,3166,"Washington Square Park, Greenwich Village, Manhattan, New York City, New York, USA",
Mad Hot Ballroom,2005,3178,"New York City, New York, USA",
Eyewitness,1981,3217,"Central Park Lake, Central Park, Manhattan, New York City, New York, USA",
Eyewitness,1981,3217,"Central Park, Manhattan, New York City, New York, USA",
Eyewitness,1981,3217,"Claremont Riding Academy - 175 West 89th Street, Manhattan, New York City, New York, USA",
Eyewitness,1981,3217,"Manhattan, New York City, New York, USA",
Eyewitness,1981,3217,"New York City, New York, USA",
Sugar Hill,1993,3230,"New York City, New York, USA",
Love Affair,1939,3255,"5th Avenue, Manhattan, New York City, New York, USA",
Love Affair,1939,3255,"Empire State Building - 350 Fifth Avenue, Manhattan, New York City, New York, USA",
Love Affair,1939,3255,"Fifth Avenue, Manhattan, New York City, New York, USA",
Love Affair,1939,3255,"Manhattan, New York City, New York, USA",
Love Affair,1939,3255,"New York City, New York, USA",
Heaven Help Us,1985,3298,"Brooklyn, New York City, New York, USA",
Heaven Help Us,1985,3298,"Coney Island, Brooklyn, New York City, New York, USA",
Heaven Help Us,1985,3298,"New York City, New York, USA",
"Hi, Mom!",1970,3304,"New York City, New York, USA",
All I Want for Christmas,1991,3455,"New York City, New York, USA",
If Lucy Fell,1996,3460,"Brooklyn Bridge, New York City, New York, USA",
If Lucy Fell,1996,3460,"New York City, New York, USA",
Little Men,2016,3498,"Brooklyn, New York City, New York, USA",
Little Men,2016,3498,"Sunset Park, Brooklyn, New York City, New York, USA",
Little Men,2016,3498,"Graham Avenue, Williamsburg, Brooklyn, New York City, New York, USA",
Little Men,2016,3498,"Bay Ridge, Brooklyn, New York City, New York, USA",
Little Men,2016,3498,"Bensonhurst, Brooklyn, New York City, New York, USA",
Little Men,2016,3498,"Bed-Stuyvesant, Brooklyn, New York City, New York, USA",
Little Men,2016,3498,"East Williamsburg, Brooklyn, New York City, New York, USA",
Little Men,2016,3498,"Acting Out, Brooklyn, New York City, New York, USA",
Little Men,2016,3498,"Brooklyn Museum, Brooklyn, New York City, New York, USA",
An Unmarried Woman,1978,3510,"New York City, New York, USA",
Vanya on 42nd Street,1994,3521,"New Amsterdam Theater - 214 West 42nd Street, Manhattan, New York City, New York, USA",
Vanya on 42nd Street,1994,3521,"New York City, New York, USA",
White Girl,2016,3592,"Brooklyn, New York City, New York, USA",
White Girl,2016,3592,"Manhattan, New York City, New York, USA",
White Girl,2016,3592,"Ridgewood, Queens, New York City, New York, USA",
Chop Shop,2007,3629,"Queens, New York City, New York, USA",
Paradise Alley,1978,3634,"New York City, New York, USA",
Whipped,2000,3695,"New York City, New York, USA",
Party Girl,1995,3705,"New York City, New York, USA",
August,2008,3762,"New York City, New York, USA",
Night and the City,1992,3813,"New York City, New York, USA",
Light Sleeper,1992,3848,"Equitable Center, Manhattan, New York City, New York, USA",
Light Sleeper,1992,3848,"Hotel Pennsylvania, West 32nd Street, Manhattan, New York City, New York, USA",
Light Sleeper,1992,3848,"La Cte Basque - 5 East 55th Street, Manhattan, New York City, New York, USA",
Light Sleeper,1992,3848,"Manhattan, New York City, New York, USA",
Light Sleeper,1992,3848,"New York City, New York, USA",
Light Sleeper,1992,3848,"Palio Restaurant - 151 West 51st Street, Manhattan, New York City, New York, USA",
Light Sleeper,1992,3848,"Paramount Hotel - 235 West 46th Street, Manhattan, New York City, New York, USA",
Light Sleeper,1992,3848,"Penn Station, Manhattan, New York City, New York, USA",
Oxygen,1999,3941,"Astoria, Queens, New York City, New York, USA",
Oxygen,1999,3941,"Brooklyn, New York City, New York, USA",
Oxygen,1999,3941,"Mount Zion Cemetery, Maspeth, Queens, New York City, New York, USA",
Oxygen,1999,3941,"New York City, New York, USA",
The Groomsmen,2006,3996,"Antarctica Bar - 287 Hudson Street, New York City, New York, USA",
The Groomsmen,2006,3996,"City Island, Bronx, New York City, New York, USA",
The Groomsmen,2006,3996,"New York City, New York, USA",
Liquid Sky,1982,4086,"New York City, New York, USA",
The Extra Man,2010,4209,"Neue Galerie New York, 1048 5th Avenue, Manhattan, New York City, New York, USA",
The Extra Man,2010,4209,"Museum Mile, Manhattan, New York City, New York, USA",
The Extra Man,2010,4209,"Central Park, Manhattan, New York City, New York, USA",
The Extra Man,2010,4209,"New Middle Collegiate Church, Second Avenue, East Village, Manhattan, New York City, New York, USA",
The Extra Man,2010,4209,"New York City, New York, USA",
Heights,2005,4261,"Bryant Park, Manhattan, New York City, New York, USA",
Heights,2005,4261,"New York City, New York, USA",
The Incredible Torture Show,1976,4263,"Columbus Circle, Manhattan, New York City, New York, USA",
The Incredible Torture Show,1976,4263,"New York City, New York, USA",
Audrey Rose,1977,4290,"Manhattan, New York City, New York, USA",
Audrey Rose,1977,4290,"Hotel des Artistes, Manhattan, New York City, New York, USA",
Audrey Rose,1977,4290,"Central Park, Manhattan, New York City, New York, USA",
The Inevitable Defeat of Mister & Pete,2013,4333,"New York City, New York, USA",
The Hospital,1971,4362,"Manhattan, New York City, New York, USA",
The Hospital,1971,4362,"Metropolitan Hospital -1901 First Avenue, Manhattan, New York City, New York, USA",
The Hospital,1971,4362,"New York City, New York, USA",
The Hospital,1971,4362,"Upper East Side, Manhattan, New York City, New York, USA",
Force of Evil,1948,4385,"George Washington Bridge, Manhattan, New York City, New York, USA",
Force of Evil,1948,4385,"Wall Street, Manhattan, New York City, New York, USA",
Force of Evil,1948,4385,"New York City, New York, USA",
Dinner Rush,2000,4429,"Gigino Trattoria - 323 Greenwich Street, Tribeca, Manhattan, New York City, New York, USA",
Dinner Rush,2000,4429,"New York City, New York, USA",
Love at First Bite,1979,4455,"5th Avenue, Manhattan, New York City, New York, USA",
Love at First Bite,1979,4455,"Bellevue Hospital - 550 First Avenue, Manhattan, New York City, New York, USA",
Love at First Bite,1979,4455,"Central Park, Manhattan, New York City, New York, USA",
Love at First Bite,1979,4455,"Fifth Avenue, Manhattan, New York City, New York, USA",
Love at First Bite,1979,4455,"Manhattan, New York City, New York, USA",
Love at First Bite,1979,4455,"New York City, New York, USA",
Love at First Bite,1979,4455,"Plaza Hotel - 750 Fifth Avenue, Manhattan, New York City, New York, USA",
Q,1982,4504,"Chrysler Building - 405 Lexington Avenue, Manhattan, New York City, New York, USA",
Q,1982,4504,"Manhattan, New York City, New York, USA",
Q,1982,4504,"New York City, New York, USA",
Murder Party,2007,4517,"Brooklyn, New York City, New York, USA",
Fort Apache the Bronx,1981,4549,"Kaufman Astoria Studios - 3412 36th Street, Astoria, Queens, New York City, New York, USA",
Fort Apache the Bronx,1981,4549,"Bronx, New York City, New York, USA",
Fort Apache the Bronx,1981,4549,"Charlotte Street, Bronx, New York City, New York, USA",
Fort Apache the Bronx,1981,4549,"New York City, New York, USA",
Super Fly,1972,4594,"East Village, Manhattan, New York City, New York, USA",
Super Fly,1972,4594,"New York City, New York, USA",
Learning to Drive,2014,4795,"New York City, New York, USA",
Raising Victor Vargas,2002,4814,"Lower East Side, Manhattan, New York City, New York, USA",
The Driller Killer,1979,4958,"New York City, New York, USA",
She's Gotta Have It,1986,4959,"Brooklyn, New York City, New York, USA",
Jeffrey,1995,4987,"Central Park, Manhattan, New York City, New York, USA",
Jeffrey,1995,4987,"New York City, New York, USA",
The Central Park Five,2012,5033,"New York City, New York, USA",
Tadpole,2000,5247,"New York City, New York, USA",
Delirious,2006,5323,"New York City, New York, USA",
The Lonely Guy,1984,5407,"New York City, New York, USA",
Prince of the City,1981,5454,"New York County Courthouse - 60 Centre Street, New York City, New York, USA",
Prince of the City,1981,5454,"Governors Island, New York Harbor, New York City, New York, USA",
Prince of the City,1981,5454,"La Isla Restaurant - 1439 Myrtle Avenue, Bushwick, Brooklyn, New York City, New York, USA",
Prince of the City,1981,5454,"Myrtle Avenue & Knickerbocker Avenue, Bushwick, Brooklyn, New York City, New York, USA",
Prince of the City,1981,5454,"New York City, New York, USA",
Where the Sidewalk Ends,1950,5663,"Manhattan, New York City, New York, USA",
Where the Sidewalk Ends,1950,5663,"New York City, New York, USA",
Where the Sidewalk Ends,1950,5663,"Washington Heights, Manhattan, New York City, New York, USA",
Ms .45,1981,5711,"40 Pell Street, corner of Mott Street and Pell Street, New York City, New York, USA",
Ms .45,1981,5711,"New York City, New York, USA",
Cropsey,2009,5809,"Staten Island, New York City, New York, USA",
Little Odessa,1994,5824,"Bay Ridge, Brooklyn, New York City, New York, USA",
Little Odessa,1994,5824,"Brighton Beach, Brooklyn, New York City, New York, USA",
Little Odessa,1994,5824,"Coney Island, Brooklyn, New York City, New York, USA",
Little Odessa,1994,5824,"Red Hook, Brooklyn, New York City, New York, USA",
Little Odessa,1994,5824,"Sheepshead Bay, Brooklyn, New York City, New York, USA",
Somebody Up There Likes Me,1956,5964,"New York City, New York, USA",
Somebody Up There Likes Me,1956,5964,"909 8th Avenue, Manhattan, New York City, New York, USA",
Somebody Up There Likes Me,1956,5964,"Brooklyn, New York City, New York, USA",
Somebody Up There Likes Me,1956,5964,"Lower East Side, Manhattan, New York City, New York, USA",
Somebody Up There Likes Me,1956,5964,"Stillman's Gym - 8th Avenue between 54th & 55th Streets, Manhattan, New York City, New York, USA",
Uncertainty,2008,5971,"New York City, New York, USA",
"Bright Lights, Big City",1988,5997,"Manhattan, New York City, New York, USA",
"Bright Lights, Big City",1988,5997,"New York City, New York, USA",
Two Girls and a Guy,1997,6043,"New York City, New York, USA",
Permanent Vacation,1980,6118,"New York City, New York, USA",
Permanent Vacation,1980,6118,"Tribeca, Manhattan, New York City, New York, USA",
Brown Sugar,2002,6231,"Central Park, Manhattan, New York City, New York, USA",
Brown Sugar,2002,6231,"Flatiron Building - 175 Fifth Avenue, Manhattan, New York City, New York, USA",
Brown Sugar,2002,6231,"New York City, New York, USA",
Crooklyn,1994,6268,"Bedford-Stuyvesant, Brooklyn, New York City, New York, USA",
Crooklyn,1994,6268,"Brooklyn, New York City, New York, USA",
Eyes of Laura Mars,1978,6384,"Columbus Circle, Manhattan, New York City, New York, USA",
Eyes of Laura Mars,1978,6384,"New York City, New York, USA",
Griffin & Phoenix,2006,6463,"New York City, New York, USA",
The Front,1976,6688,"New York City, New York, USA",
The Front,1976,6688,"Radio City Music Hall - 1260 6th Avenue, Rockefeller Center, Manhattan, New York City, New York, USA",
The Front,1976,6688,"Riverbank State Park - 679 Riverside Drive, Manhattan, New York City, New York, USA",
Cactus Flower,1969,6733,"252 W. 11th Street, Manhattan, New York City, New York, USA",
Cactus Flower,1969,6733,"418 6th Avenue, Manhattan, New York City, New York, USA",
Cactus Flower,1969,6733,"767 5th Ave, Manhattan, New York City, New York, USA",
Cactus Flower,1969,6733,"E 55th Street and Madison Avenue, Manhattan, New York City, New York, USA",
The Sentinel,1977,6744,"10 Montague Terrace, Brooklyn Heights, Brooklyn, New York City, New York, USA",
The Sentinel,1977,6744,"Brooklyn Heights Promenade, Brooklyn Heights, Brooklyn, New York City, New York, USA",
The Sentinel,1977,6744,"Brooklyn Heights, Brooklyn, New York City, New York, USA",
The Disappearance of Eleanor Rigby: Him,2013,6969,"New York City, New York, USA",
Bed of Roses,1996,6994,"New York City, New York, USA",
Wolfen,1981,7044,"Kaufman Astoria Studios - 3412 36th Street, Astoria, Queens, New York City, New York, USA",
Wolfen,1981,7044,"Central Park Zoo, Central Park, Manhattan, New York City, New York, USA",
Wolfen,1981,7044,"Manhattan Bridge, New York City, New York, USA",
Wolfen,1981,7044,"Brooklyn Bridge, New York City, New York, USA",
Wolfen,1981,7044,"Coney Island Boardwalk, Brooklyn, New York City, New York, USA",
Wolfen,1981,7044,"Castle Clinton, Battery Park, Manhattan, New York City, New York, USA",
Wolfen,1981,7044,"1 Chase Manhattan Plaza, New York City, New York, USA",
Wolfen,1981,7044,"Riverside Drive, Manhattan, New York City, New York, USA",
Wolfen,1981,7044,"Charlotte Street, Bronx, New York City, New York, USA",
Wolfen,1981,7044,"New York City, New York, USA",
Trick,1999,7077,"Don Hill, Tribeca, Manhattan, New York City, New York, USA",
Trick,1999,7077,"Eighty Eight's, Greenwich Village, Manhattan, New York City, New York, USA",
Trick,1999,7077,"Greenwich Village, Manhattan, New York City, New York, USA",
Trick,1999,7077,"Twirl - 208 West 23rd Street, Chelsea, Manhattan, New York City, New York, USA",
The Funeral,1996,7092,"New York City, New York, USA",
Jack Goes Boating,2010,7173,"Clinton Diner, Maspeth, Queens, New York City, New York, USA",
Jack Goes Boating,2010,7173,"F.G. Guido Funeral Home, 440 Clinton St, Brooklyn, New York City, New York, USA",
Jack Goes Boating,2010,7173,"Hansborough Swimming Pool, 35 West 134th St, Harlem, Manhattan, New York City, New York, USA",
I Hate Valentine's Day,2009,7196,"308 Court St, Brooklyn, New York City, New York, USA",
I Hate Valentine's Day,2009,7196,"Brooklyn, New York City, New York, USA",
I Hate Valentine's Day,2009,7196,"Carroll Gardens, Brooklyn, New York City, New York, USA",
I Hate Valentine's Day,2009,7196,"Dumbo, Brooklyn, New York City, New York, USA",
I Hate Valentine's Day,2009,7196,"Prospect Park, Brooklyn, New York City, New York, USA",
I Hate Valentine's Day,2009,7196,"Windsor Terrace & Bushwick, New York City, New York, USA",
Bell Book and Candle,1958,7490,"5th Avenue, Manhattan, New York City, New York, USA",
Bell Book and Candle,1958,7490,"Broadway, Manhattan, New York City, New York, USA",
Bell Book and Candle,1958,7490,"Flatiron Building - 175 Fifth Avenue, Manhattan, New York City, New York, USA",
Bell Book and Candle,1958,7490,"Manhattan, New York City, New York, USA",
Bell Book and Candle,1958,7490,"New York City, New York, USA",
Shadows,1959,7530,"Grand Central Station, Manhattan, New York City, New York, USA",
Shadows,1959,7530,"Museum of Modern Art, New York City, New York, USA",
Shadows,1959,7530,"Port Authority of New York, New York City, New York, USA",
Shadows,1959,7530,"Cassavetes-Lane Drama Workshop, Variety Arts Building, 225 W 45th St, New York City, New York, USA",
Shadows,1959,7530,"Times Square, New York City, New York, USA",
Shadows,1959,7530,"Manhattan, New York City, New York, USA",
Shadows,1959,7530,"New York City, New York, USA",
A Chorus Line,1985,7704,"Helen Hayes Theater - 240 West 44th Street, Manhattan, New York City, New York, USA",
A Chorus Line,1985,7704,"Mark Hellinger Theater - 237 West 51st Street, Manhattan, New York City, New York, USA",
Blue in the Face,1995,7867,"Brooklyn, New York City, New York, USA",
Trust the Man,2005,7902,"New York City, New York, USA",
Saving Face,2004,8067,"New York City, New York, USA",
The Good Guy,2009,8076,"New York City, New York, USA",
Cradle Will Rock,1999,8157,"New York City, New York, USA",
Cradle Will Rock,1999,8157,"Webster Hall - 125 East 11th Street, Greenwich Village, Manhattan, New York City, New York, USA",
Hamlet,2000,8208,"New York City, New York, USA",
Hamlet,2000,8208,"Solomon R. Guggenheim Museum - 1071 Fifth Avenue, Manhattan, New York City, New York, USA",
Anamorph,2007,8229,"81 Hudson Street, New York City, New York, USA",
Anamorph,2007,8229,"Manhattan, New York City, New York, USA",
Anamorph,2007,8229,"New York City, New York, USA",
Anamorph,2007,8229,"Pace University, New York City, New York, USA",
Mo' Better Blues,1990,8648,"141st Street, Manhattan, New York City, New York, USA",
Mo' Better Blues,1990,8648,"America Restaurant - 9 East 18th Street, Manhattan, New York City, New York, USA",
Mo' Better Blues,1990,8648,"Broadway, Manhattan, New York City, New York, USA",
Mo' Better Blues,1990,8648,"Brooklyn Bridge, New York City, New York, USA",
Mo' Better Blues,1990,8648,"Brooklyn Heights, Brooklyn, New York City, New York, USA",
Mo' Better Blues,1990,8648,"Brooklyn, New York City, New York, USA",
Mo' Better Blues,1990,8648,"Cherry Lane Theatre - 38 Commerce Street, Greenwich Village, Manhattan, New York City, New York, USA",
Mo' Better Blues,1990,8648,"East Village, Manhattan, New York City, New York, USA",
Mo' Better Blues,1990,8648,"Fort Greene, Brooklyn, New York City, New York, USA",
Mo' Better Blues,1990,8648,"Greenwich Village, Manhattan, New York City, New York, USA",
Mo' Better Blues,1990,8648,"Harlem Hospital Center, Harlem, Manhattan, New York City, New York, USA",
Mo' Better Blues,1990,8648,"Harlem, Manhattan, New York City, New York, USA",
Mo' Better Blues,1990,8648,"Manhattan, New York City, New York, USA",
Mo' Better Blues,1990,8648,"Park Slope, Brooklyn, New York City, New York, USA",
Mo' Better Blues,1990,8648,"Prospect Park, Brooklyn, New York City, New York, USA",
Mo' Better Blues,1990,8648,"Shinbone Alley, Manhattan, New York City, New York, USA",
Mo' Better Blues,1990,8648,"Tower Records - 1961 Broadway, Manhattan, New York City, New York, USA",
Chapter 27,2007,8862,"Central Park West, Manhattan, New York City, New York, USA",
Chapter 27,2007,8862,"Manhattan, New York City, New York, USA",
Chapter 27,2007,8862,"New York City, New York, USA",
Chapter 27,2007,8862,"Steiner Studios - 15 Washington Avenue, Brooklyn Navy Yard, Brooklyn, New York City, New York, USA",
Bamboozled,2000,8873,"New York City, New York, USA",
The Wolfpack,2015,8995,"Manhattan, New York City, New York, USA",
The Naked City,1948,9094,"Third Avenue El, Manhattan, New York City, New York, USA",
The Naked City,1948,9094,"Squibb Building, 745 5th Avenue, Manhattan, New York City, New York, USA",
The Naked City,1948,9094,"Essex Street Market, Lower East Side, Manhattan, New York City, New York, USA",
The Naked City,1948,9094,"240 Centre Street, Manhattan, New York City, New York, USA",
The Naked City,1948,9094,"City Morgue, New York City, New York, USA",
The Naked City,1948,9094,"New York City, New York, USA",
The Naked City,1948,9094,"Roosevelt Hospital, Manhattan, New York City, New York, USA",
The Naked City,1948,9094,"Roxy Theater, Manhattan, New York City, New York, USA",
The Naked City,1948,9094,"Stillman's Gym - 8th Avenue between 54th & 55th Streets, Manhattan, New York City, New York, USA",
The Naked City,1948,9094,"Tenth Precinct - 230 West 20th Street, Manhattan, New York City, New York, USA",
The Naked City,1948,9094,"Universal Building - 16 West 32nd Street, Manhattan, New York City, New York, USA",
The Naked City,1948,9094,"Whitehall Building - 17 Battery Place, Manhattan, New York City, New York, USA",
The Naked City,1948,9094,"Williamsburg Bridge, New York City, New York, USA",
Blue Steel,1990,9579,"New York City, New York, USA",
The Last Dragon,1985,9816,"Alphabet City, Manhattan, New York City, New York, USA",
The Last Dragon,1985,9816,"East River, New York City, New York, USA",
The Last Dragon,1985,9816,"New York City, New York, USA",
Please Give,2010,10004,"New York City, New York, USA",
Fresh,1994,10040,"Bedford-Stuyvesant, Brooklyn, New York City, New York, USA",
Fresh,1994,10040,"Bushwick, Brooklyn, New York City, New York, USA",
Fresh,1994,10040,"East New York, Brooklyn, New York City, New York, USA",
Fresh,1994,10040,"Brownsville, Brooklyn, New York City, New York, USA",
Fresh,1994,10040,"Brooklyn, New York City, New York, USA",
Fresh,1994,10040,"New York City, New York, USA",
People I Know,2002,10086,"New York City, New York, USA",
Love Is Strange,2014,10199,"New York City, New York, USA",
Romance & Cigarettes,2005,10271,"13023 150th Ave, Jamaica, New York City, New York, USA",
Romance & Cigarettes,2005,10271,"Bensonhurst, Brooklyn, New York City, New York, USA",
Romance & Cigarettes,2005,10271,"Jackson Heights, Queens, New York City, New York, USA",
Romance & Cigarettes,2005,10271,"New York City, New York, USA",
Romance & Cigarettes,2005,10271,"Red Hook, Brooklyn, New York City, New York, USA",
Joshua,2007,10436,"New York City, New York, USA",
Maniac,1980,10666,"Hotel St. James, 109 West 45th Street, Manhattan, New York City, New York, USA",
Maniac,1980,10666,"Brooklyn, New York City, New York, USA",
Maniac,1980,10666,"Manhattan, New York City, New York, USA",
Maniac,1980,10666,"New York City, New York, USA",
Maniac,1980,10666,"Woodside, Queens, New York City, New York, USA",
A Very Murray Christmas,2015,10724,"New York City, New York, USA",
The Paper,1994,10855,"New York City, New York, USA",
Romeo Is Bleeding,1993,11099,"Brooklyn, New York City, New York, USA",
Romeo Is Bleeding,1993,11099,"Bushwick, Brooklyn, New York City, New York, USA",
Romeo Is Bleeding,1993,11099,"Coney Island, Brooklyn, New York City, New York, USA",
Romeo Is Bleeding,1993,11099,"Lower Manhattan, Manhattan, New York City, New York, USA",
Romeo Is Bleeding,1993,11099,"Manhattan, New York City, New York, USA",
Romeo Is Bleeding,1993,11099,"Maspeth, Queens, New York City, New York, USA",
Romeo Is Bleeding,1993,11099,"Myrtle Avenue & Bleecker Street, Bushwick, Brooklyn, New York City, New York, USA",
Romeo Is Bleeding,1993,11099,"Myrtle Avenue & Knickerbocker Avenue, Bushwick, Brooklyn, New York City, New York, USA",
Romeo Is Bleeding,1993,11099,"New York City, New York, USA",
Romeo Is Bleeding,1993,11099,"Surrogate's Court - 31 Chamber's Street, Lower Manhattan, Manhattan, New York City, New York, USA",
Very Good Girls,2013,11179,"Brooklyn, New York City, New York, USA",
Xi yan,1993,11241,"Brooklyn Bridge, New York City, New York, USA",
Xi yan,1993,11241,"Phoenix Ballroom, Sheraton LaGuardia East Hotel, Flushing Meadows Park, Queens, New York City, New York, USA",
Xi yan,1993,11241,"TWA Terminal, JFK International Airport, Jamaica, Queens, New York City, New York, USA",
Xi yan,1993,11241,"W. 11th Street, Greenwich Village, Manhattan, New York City, New York, USA",
Night Shift,1982,11422,"New York City, New York, USA",
Night Shift,1982,11422,"Pino & Santo's Hairstyling - Fresh Pond Road, Ridgewood, Queens, New York City, New York, USA",
Barefoot in the Park,1967,11546,"111 Waverly Place, Greenwich Village, Manhattan, New York City, New York, USA",
Barefoot in the Park,1967,11546,"6th Avenue, Manhattan, New York City, New York, USA",
Barefoot in the Park,1967,11546,"Fifth Avenue, Manhattan, New York City, New York, USA",
Barefoot in the Park,1967,11546,"Greenwich Village, Manhattan, New York City, New York, USA",
Barefoot in the Park,1967,11546,"Manhattan, New York City, New York, USA",
Barefoot in the Park,1967,11546,"New York City, New York, USA",
Barefoot in the Park,1967,11546,"Plaza Hotel - 750 Fifth Avenue, Manhattan, New York City, New York, USA",
Barefoot in the Park,1967,11546,"Washington Square Park, Greenwich Village, Manhattan, New York City, New York, USA",
Barefoot in the Park,1967,11546,"West 10th Street, Manhattan, New York City, New York, USA",
Simply Irresistible,1999,11717,"Henri Bendel Department Store - 712 Fifth Avenue, Manhattan, New York City, New York, USA",
Simply Irresistible,1999,11717,"New York City, New York, USA",
The Mirror Has Two Faces,1996,11855,"505 West End Avenue, Manhattan, New York City, New York, USA",
The Mirror Has Two Faces,1996,11855,"Columbia University - Broadway & 116th Street, Manhattan, New York City, New York, USA",
The Mirror Has Two Faces,1996,11855,"JFK International Airport, Jamaica, Queens, New York City, New York, USA",
Pillow Talk,1959,11944,"Central Park, Manhattan, New York City, New York, USA",
Pillow Talk,1959,11944,"Manhattan, New York City, New York, USA",
Pillow Talk,1959,11944,"New York City, New York, USA",
The Panic in Needle Park,1971,12224,"New York City, New York, USA",
Tiny Furniture,2010,12316,"DUMBO, Brooklyn, New York City, New York, USA",
Tiny Furniture,2010,12316,"Vinegar Hill, Brooklyn, New York City, New York, USA",
Tiny Furniture,2010,12316,"16 Desbrosses St, Tribeca, Manhattan, New York City, New York, USA",
2 Days in New York,2012,12371,"Belvedere Castle, Central Park, Manhattan, New York City, New York, USA",
2 Days in New York,2012,12371,"Lexington Avenue & E 51st St, New York City, New York, USA",
2 Days in New York,2012,12371,"Manhattan, New York City, New York, USA",
2 Days in New York,2012,12371,"New York City, New York, USA",
Shaft,1971,12661,"55 Jane Street, New York City, New York, USA",
Shaft,1971,12661,"621 Hudson Street, New York City, New York, USA",
Shaft,1971,12661,"Cafe Reggio, MacDougal Street, Manhattan, New York City, New York, USA",
Shaft,1971,12661,"Harlem, Manhattan, New York City, New York, USA",
Shaft,1971,12661,"New York City, New York, USA",
Shaft,1971,12661,"Times Square, Manhattan, New York City, New York, USA",
Party Monster,2003,13005,"Chateau Marmont, Manhattan, New York City, New York, USA",
Party Monster,2003,13005,"Grand Central Station, Manhattan, New York City, New York, USA",
Party Monster,2003,13005,"Kew Gardens, Queens, New York City, New York, USA",
Party Monster,2003,13005,"Manhattan, New York City, New York, USA",
200 Cigarettes,1999,13281,"New York City, New York, USA",
Solitary Man,2009,13766,"City Island, Bronx, New York City, New York, USA",
Solitary Man,2009,13766,"Fordham University - 441 E. Fordham Road. Rose Hill, Bronx, New York City, New York, USA",
Solitary Man,2009,13766,"New York City, New York, USA",
Solitary Man,2009,13766,"W 85th St & Broadway, New York City, New York, USA",
Jungle Fever,1991,13914,"Bensonhurst, Brooklyn, New York City, New York, USA",
Jungle Fever,1991,13914,"Brooklyn, New York City, New York, USA",
Jungle Fever,1991,13914,"Harlem, Manhattan, New York City, New York, USA",
Jungle Fever,1991,13914,"Manhattan, New York City, New York, USA",
Jungle Fever,1991,13914,"New York City, New York, USA",
Jungle Fever,1991,13914,"South Central Brooklyn, Brooklyn, New York City, New York, USA",
Jungle Fever,1991,13914,"Striver's Row, Harlem, Manhattan, New York City, New York, USA",
Jungle Fever,1991,13914,"Sylvia's Restaurant - 326 Lenox Avenue, Harlem, Manhattan, New York City, New York, USA",
Jungle Fever,1991,13914,"West 138th Street, Harlem, Manhattan, New York City, New York, USA",
Jungle Fever,1991,13914,"West 139th Street, Harlem, Manhattan, New York City, New York, USA",
Tracers,2015,14624,"New York City, New York, USA",
Flawless,1999,15054,"211 Avenue A, Manhattan, New York City, New York, USA",
Flawless,1999,15054,"Bronx, New York City, New York, USA",
Flawless,1999,15054,"Brooklyn, New York City, New York, USA",
Flawless,1999,15054,"Hell's Kitchen, Manhattan, New York City, New York, USA",
Flawless,1999,15054,"New York City, New York, USA",
Roger Dodger,2002,15572,"New York City, New York, USA",
Killer's Kiss,1955,16388,"3156 Perry Avenue, Bronx, New York City, New York, USA",
Killer's Kiss,1955,16388,"Dumbo, Brooklyn, New York City, New York, USA",
Killer's Kiss,1955,16388,"New York City, New York, USA",
Killer's Kiss,1955,16388,"Pennsylvania Station - 7th Avenue & 32nd Street, Manhattan, New York City, New York, USA",
Killer's Kiss,1955,16388,"Times Square, Manhattan, New York City, New York, USA",
Klute,1971,16459,"Filmways Studios - 246 East 127th Street, East Harlem, Manhattan, New York City, New York, USA",
Klute,1971,16459,"New York City, New York, USA",
Fame,1980,16959,"Church of Saint Mary the Virgin 145 West 46th Street, Manhattan, New York City, New York, USA",
Fame,1980,16959,"Haaren High School, 10th Avenue 59th Street, Manhattan, New York City, New York, USA",
Fame,1980,16959,"Holy Cross Church 329 West 42nd Street Manhattan, New York City, New York, USA",
Fame,1980,16959,"Manhattan, New York City, New York, USA",
Fame,1980,16959,"New York City, New York, USA",
Fame,1980,16959,"P.S 122 at 150 1st Avenue at East 9th Street, East Village Manhattan, New York City, New York, USA",
Fame,1980,16959,"RKO Twin Theatre, Times Square, Manhattan, New York City, New York, USA",
Fame,1980,16959,"Times Square, Manhattan, New York City, New York, USA",
State of Grace,1990,17127,"Little Italy, Manhattan, New York City, New York, USA",
State of Grace,1990,17127,"Manhattan, New York City, New York, USA",
State of Grace,1990,17127,"Mare Chiaro bar ""Toni's nut house"", 179 Mulberry street, Little Italy, Manhattan, New York City, New York, USA",
State of Grace,1990,17127,"New York City, New York, USA",
State of Grace,1990,17127,"Old Town Bar - 45 East 18th Street, Manhattan, New York City, New York, USA",
Juice,1992,17677,"Saint Nicholas Terrace & 135th. Street, Harlem, New York City, New York, USA",
Juice,1992,17677,"Convent Avenue & West 129th. Street, Harlem, New York City, New York, USA",
Juice,1992,17677,"416 W. 129th. Street, Harlem, New York City, New York, USA",
Juice,1992,17677,"A. Philip Randolph High School, 443 W. 135th. Street, Harlem, New York City, New York, USA",
Juice,1992,17677,"21 Convent Avenue, Harlem, New York City, New York, USA",
Juice,1992,17677,"New York City, New York, USA",
Vampire in Brooklyn,1995,17905,"Brooklyn, New York City, New York, USA",
Green Card,1990,19145,"American Irish Historical Society, 991 Fifth Avenue, New York City, New York, USA",
Green Card,1990,19145,"New York City, New York, USA",
Little Manhattan,2005,19351,"Manhattan, New York City, New York, USA",
All That Jazz,1979,20302,"Kaufman Astoria Studios - 3412 36th Street, Astoria, Queens, New York City, New York, USA",
All That Jazz,1979,20302,"Manhattan, New York City, New York, USA",
All That Jazz,1979,20302,"New York City, New York, USA",
All That Jazz,1979,20302,"Palace Theater - 1564 Broadway, Manhattan, New York City, New York, USA",
Fading Gigolo,2013,20372,"New York City, New York, USA",
Fading Gigolo,2013,20372,"Park Avenue, Manhattan, New York City, New York, USA",
Fading Gigolo,2013,20372,"Prospect Park, Brooklyn, New York City, New York, USA",
Fading Gigolo,2013,20372,"Carousel, Prospect Park, Brooklyn, New York City, New York, USA",
Someone Like You...,2001,20410,"New York City, New York, USA",
The Taking of Pelham One Two Three,1974,20642,"Gracie Mansion, Manhattan, New York City, New York, USA",
The Taking of Pelham One Two Three,1974,20642,"Federal Reserve Bank - 33 Liberty Street, Financial District, Manhattan, New York City, New York, USA",
The Taking of Pelham One Two Three,1974,20642,"Brooklyn, New York City, New York, USA",
The Taking of Pelham One Two Three,1974,20642,"Filmways Studios - 246 East 127th Street, East Harlem, Manhattan, New York City, New York, USA",
The Taking of Pelham One Two Three,1974,20642,"New York City, New York, USA",
Autumn in New York,2000,20928,"Central Park, Manhattan, New York City, New York, USA",
Autumn in New York,2000,20928,"Manhattan, New York City, New York, USA",
Autumn in New York,2000,20928,"New York City, New York, USA",
Autumn in New York,2000,20928,"Rockefeller Plaza, Manhattan, New York City, New York, USA",
Autumn in New York,2000,20928,"Wollman Skating Rink - 830 5th Ave., New York City, New York, USA",
Husbands and Wives,1992,22425,"4651 Fieldston Road, Riverdale, Bronx, New York City, New York, USA",
Husbands and Wives,1992,22425,"68th Street Playhouse - 1164 3rd Avenue, New York City, New York, USA",
Husbands and Wives,1992,22425,"Barnard College, Columbia University - Broadway & 116th Street, Manhattan, New York City, New York, USA",
Husbands and Wives,1992,22425,"Columbia University - Broadway & 116th Street, Manhattan, New York City, New York, USA",
Husbands and Wives,1992,22425,"Dean & Deluca Cafe - 121 Prince Street, Soho, Manhattan, New York City, New York, USA",
Husbands and Wives,1992,22425,"Soho, Manhattan, New York City, New York, USA",
Hollywood Ending,2002,22427,"Central Park, Manhattan, New York City, New York, USA",
Hollywood Ending,2002,22427,"Kaufman Astoria Studios - 3412 36th Street, Astoria, Queens, New York City, New York, USA",
A Guide to Recognizing Your Saints,2006,22689,"Astoria, Queens, New York City, New York, USA",
What Maisie Knew,2012,22831,"The High Line, Manhattan, New York City, New York, USA",
What Maisie Knew,2012,22831,"New York City, New York, USA",
Radio Days,1987,25529,"Radio City Music Hall - 1260 6th Avenue, Rockefeller Center, Manhattan, New York City, New York, USA",
Radio Days,1987,25529,"Brooklyn, New York City, New York, USA",
Radio Days,1987,25529,"Horn and Hardart Automat - 200 East 42nd Street, Manhattan, New York City, New York, USA",
Radio Days,1987,25529,"Kaufman Astoria Studios - 3412 36th Street, Astoria, Queens, New York City, New York, USA",
Radio Days,1987,25529,"Metropolitan Life Tower - 11 Madison Avenue, Manhattan, New York City, New York, USA",
Radio Days,1987,25529,"Radio City Music Hall - 1260 6th Avenue, Rockefeller Center, Manhattan, New York City, New York, USA",
Radio Days,1987,25529,"Rockaway Beach, Queens, New York City, New York, USA",
Anything Else,2003,25979,"50 Commerce St, Greenwich Village, Manhattan, New York City, New York, USA",
Anything Else,2003,25979,"Astoria, Queens, New York City, New York, USA",
Anything Else,2003,25979,"Central Park, Manhattan, New York City, New York, USA",
Anything Else,2003,25979,"Sheepshead Bay, Brooklyn, New York City, New York, USA",
The Odd Couple,1968,26072,"190 Riverside Drive, Manhattan, New York City, New York, USA",
The Odd Couple,1968,26072,"Broadway, Manhattan, New York City, New York, USA",
The Odd Couple,1968,26072,"New York City, New York, USA",
The Odd Couple,1968,26072,"Shea Stadium - 12301 Roosevelt Avenue, Flushing Meadows Park, Queens, New York City, New York, USA",
The Odd Couple,1968,26072,"Soldiers' & Sailors' Memorial Monument, Riverside Park, Manhattan, New York City, New York, USA",
The Odd Couple,1968,26072,"The Dorchester Apartments - 131 Riverside Drive at 85th Street, New York City, New York, USA",
Happythankyoumoreplease,2010,26826,"New York City, New York, USA",
Kill Your Darlings,2013,27792,"New York City, New York, USA",
Kill Your Darlings,2013,27792,"Queens, New York City, New York, USA",
Kill Your Darlings,2013,27792,"East Village, Manhattan, New York City, New York, USA",
Kill Your Darlings,2013,27792,"Columbia University, New York City, New York, USA",
City Island,2009,27830,"City Island, Bronx, New York City, New York, USA",
Shortbus,2006,28153,"New York City, New York, USA",
Fighting,2009,28373,"DeKalb Av/Washington Park, Fort Greene, Brooklyn, New York City, New York, USA",
Fighting,2009,28373,"Nassau Street, Manhattan, New York City, New York, USA",
Fighting,2009,28373,"Ramon Aponte Park, W. 47th Street, New York City, New York, USA",
Igby Goes Down,2002,29568,"Central Park, Manhattan, New York City, New York, USA",
Igby Goes Down,2002,29568,"New York City, New York, USA",
Igby Goes Down,2002,29568,"Soho, Manhattan, New York City, New York, USA",
Igby Goes Down,2002,29568,"Washington Square Park, Greenwich Village, Manhattan, New York City, New York, USA",
Manhattan Murder Mystery,1993,29797,"201 West 72nd Street, Manhattan, New York City, New York, USA",
Manhattan Murder Mystery,1993,29797,"21 Club - 21 West 52nd Street, Manhattan, New York City, New York, USA",
Manhattan Murder Mystery,1993,29797,"Bryant Park, Manhattan, New York City, New York, USA",
Manhattan Murder Mystery,1993,29797,"Central Park West, Manhattan, New York City, New York, USA",
Manhattan Murder Mystery,1993,29797,"Chelsea Hotel - 222 West 23rd Street, Chelsea, Manhattan, New York City, New York, USA",
Manhattan Murder Mystery,1993,29797,"Chelsea, Manhattan, New York City, New York, USA",
Manhattan Murder Mystery,1993,29797,"East Village, Manhattan, New York City, New York, USA",
Manhattan Murder Mystery,1993,29797,"Elaine's Restaurant - 1703 Second Avenue, East Side, Manhattan, New York City, New York, USA",
Manhattan Murder Mystery,1993,29797,"Gramercy Park, Manhattan, New York City, New York, USA",
Manhattan Murder Mystery,1993,29797,"HarperCollins Publishers - 10 W 53rd Street, New York City, New York, USA",
Manhattan Murder Mystery,1993,29797,"Hotel 17, 225 East 17th Street, East Village, Manhattan, New York City, New York, USA",
Manhattan Murder Mystery,1993,29797,"Lanza's - 168 1st Avenue, New York City, New York, USA",
Manhattan Murder Mystery,1993,29797,"Lincoln Center, New York City, New York, USA",
Manhattan Murder Mystery,1993,29797,"Madison Square Garden, 7th Avenue, Chelsea, Manhattan, New York City, New York, USA",
Manhattan Murder Mystery,1993,29797,"Midtown, Manhattan, New York City, New York, USA",
Manhattan Murder Mystery,1993,29797,"National Arts Club - 15 Gramercy Park South, Gramercy Park, Manhattan, New York City, New York, USA",
Manhattan Murder Mystery,1993,29797,"Time Cafe - 380 Lafayette Street, New York City, New York, USA",
Manhattan Murder Mystery,1993,29797,"Upper East Side, Manhattan, New York City, New York, USA",
Manhattan Murder Mystery,1993,29797,"West Side, Manhattan, New York City, New York, USA",
Uptown Girls,2003,30081,"Central Park, Manhattan, New York City, New York, USA",
Uptown Girls,2003,30081,"Coney Island, Brooklyn, New York City, New York, USA",
Uptown Girls,2003,30081,"New York City, New York, USA",
Uptown Girls,2003,30081,"Silvercup Studios - 4222 22nd Street, Long Island City, Queens, New York City, New York, USA",
Bullets Over Broadway,1994,30480,"110th Street, Manhattan, New York City, New York, USA",
Bullets Over Broadway,1994,30480,"Bay Ridge, Brooklyn, New York City, New York, USA",
Bullets Over Broadway,1994,30480,"Belasco Theater - 111 West 44th Street, Manhattan, New York City, New York, USA",
Bullets Over Broadway,1994,30480,"Boat House, Prospect Park Lake, Brooklyn, New York City, New York, USA",
Bullets Over Broadway,1994,30480,"Broadway, Manhattan, New York City, New York, USA",
Bullets Over Broadway,1994,30480,"Brooklyn, New York City, New York, USA",
Bullets Over Broadway,1994,30480,"Claremont Riding Academy - 175 West 89th Street, Manhattan, New York City, New York, USA",
Bullets Over Broadway,1994,30480,"Conservatory Garden, Central Park, Manhattan, New York City, New York, USA",
Bullets Over Broadway,1994,30480,"Edison Hotel - 228 West 47th Street, Manhattan, New York City, New York, USA",
Bullets Over Broadway,1994,30480,"Nassau Street, Manhattan, New York City, New York, USA",
Bullets Over Broadway,1994,30480,"New Yorker Hotel - 481 Eighth Avenue, Bay Ridge, Brooklyn, New York City, New York, USA",
Bullets Over Broadway,1994,30480,"Upper West Side, Manhattan, New York City, New York, USA",
Bullets Over Broadway,1994,30480,"Williamsburg, Brooklyn, New York City, New York, USA",
Mickey Blue Eyes,1999,30694,"Knickerbocker Bar & Grill -33 University Place, Greenwich Village, Manhattan, New York City, New York, USA",
Mickey Blue Eyes,1999,30694,"New York City, New York, USA",
The Believer,2001,31520,"Sunnyside, Queens, New York City, New York, USA",
The Believer,2001,31520,"New York City, New York, USA",
Summer of Sam,1999,31877,"Bronx, New York City, New York, USA",
Summer of Sam,1999,31877,"CBGB's - 315 Bowery, Manhattan, New York City, New York, USA",
Summer of Sam,1999,31877,"Flushing Meadows Park, Queens, New York City, New York, USA",
Summer of Sam,1999,31877,"New York City, New York, USA",
Summer of Sam,1999,31877,"Throggs Neck, Country Club, The Bronx, New York City, New York, USA",
Small Time Crooks,2000,32168,"Doyers Street, Manhattan, New York City, New York, USA",
Small Time Crooks,2000,32168,"Mott Street, Manhattan, New York City, New York, USA",
Small Time Crooks,2000,32168,"Riverbank State Park - 679 Riverside Drive, Manhattan, New York City, New York, USA",
Small Time Crooks,2000,32168,"Shea Stadium - 12301 Roosevelt Avenue, Flushing Meadows Park, Queens, New York City, New York, USA",
Prime,2005,35855,"Greenwich Village, Manhattan, New York City, New York, USA",
Prime,2005,35855,"Kaufman Astoria Studios - 3412 36th Street, Astoria, Queens, New York City, New York, USA",
Prime,2005,35855,"New York City, New York, USA",
The Producers,2005,35934,"116th Street and Amsterdam Avenue, New York City, New York, USA",
The Producers,2005,35934,"Bethesda Fountain, Central Park, Manhattan, New York City, New York, USA",
The Producers,2005,35934,"Brooklyn, New York City, New York, USA",
The Producers,2005,35934,"Central Park, Manhattan, New York City, New York, USA",
The Producers,2005,35934,"Columbia University - Broadway & 116th Street, Manhattan, New York City, New York, USA",
The Producers,2005,35934,"Fifth Avenue, Manhattan, New York City, New York, USA",
The Producers,2005,35934,"New York City, New York, USA",
The Producers,2005,35934,"Steiner Studios - 15 Washington Avenue, Brooklyn Navy Yard, Brooklyn, New York City, New York, USA",
Friends with Kids,2011,36952,"New York City, New York, USA",
Perfect Stranger,2007,38744,"Manhattan, New York City, New York, USA",
Perfect Stranger,2007,38744,"New York City, New York, USA",
"New York, I Love You",2008,40575,"Fifth Avenue, Manhattan, New York City, New York, USA",
"New York, I Love You",2008,40575,"Dakota Hotel - 1 West 72nd St. at Central Park West, Manhattan, New York City, New York, USA",
"New York, I Love You",2008,40575,"Central Park, Manhattan, New York City, New York, USA",
"New York, I Love You",2008,40575,"New York City, New York, USA",
The Producers,1967,41596,"Broadway Theatre - 1681 Broadway, Manhattan, New York City, New York, USA",
The Producers,1967,41596,"Central Park, Manhattan, New York City, New York, USA",
The Producers,1967,41596,"Cort Theatre - 138 West 48th Street, Manhattan, New York City, New York, USA",
The Producers,1967,41596,"Empire State Building - 350 Fifth Avenue, Manhattan, New York City, New York, USA",
The Producers,1967,41596,"Lincoln Center for the Performing Arts - Columbus Avenue & 61st Street, Manhattan, New York City, New York, USA",
The Producers,1967,41596,"New York City, New York, USA",
After Hours,1985,41963,"128 Spring Street, Soho, Manhattan, New York City, New York, USA",
After Hours,1985,41963,"28 Howard Street, Soho, Manhattan, New York City, New York, USA",
After Hours,1985,41963,"307 Spring Street, Soho, Manhattan, New York City, New York, USA",
After Hours,1985,41963,"Emerald Pub - 308 Spring Street, Soho, Manhattan, New York City, New York, USA",
After Hours,1985,41963,"Manhattan, New York City, New York, USA",
After Hours,1985,41963,"Metropolitan Life Tower - 11 Madison Avenue, Manhattan, New York City, New York, USA",
After Hours,1985,41963,"Moondance Diner - 80 Sixth Avenue, Soho, Manhattan, New York City, New York, USA",
After Hours,1985,41963,"New York City, New York, USA",
After Hours,1985,41963,"Soho, Manhattan, New York City, New York, USA",
After Hours,1985,41963,"Spring Street Station, Soho, Manhattan, New York City, New York, USA",
Arbitrage,2012,42987,"New York City, New York, USA",
Going the Distance,2010,51638,"Antarctica Bar - 287 Hudson Street, New York City, New York, USA",
Going the Distance,2010,51638,"Docks Oyster Bar, 633 Third Avenue, New York City, New York, USA",
Going the Distance,2010,51638,"Rasputin Restaurant - 2670 Coney Island Avenue, Brooklyn, New York City, New York, USA",
Pride and Glory,2008,54191,"Broadway Stages, Brooklyn, New York City, New York, USA",
Pride and Glory,2008,54191,"Kaufman Astoria Studios - 3412 36th Street, Astoria, Queens, New York City, New York, USA",
Pride and Glory,2008,54191,"New York City, New York, USA",
Pride and Glory,2008,54191,"Steiner Studios - 15 Washington Avenue, Brooklyn Navy Yard, Brooklyn, New York City, New York, USA",
Brooklyn's Finest,2009,54285,"Avenue R & East 15th Street, Brooklyn, New York City, New York, USA",
Brooklyn's Finest,2009,54285,"Brighton Beach, Brooklyn, New York City, New York, USA",
Brooklyn's Finest,2009,54285,"Brooklyn, New York City, New York, USA",
No Reservations,2007,60989,"Brooklyn Heights, Brooklyn, New York City, New York, USA",
No Reservations,2007,60989,"Greenwich Village, Manhattan, New York City, New York, USA",
No Reservations,2007,60989,"New York City, New York, USA",
Whatever Works,2009,61332,"Grant's Tomb, Riverside Drive, New York City, New York, USA",
Whatever Works,2009,61332,"Chinatown, Manhattan, New York City, New York, USA",
Whatever Works,2009,61332,"East Village, Manhattan, New York City, New York, USA",
Whatever Works,2009,61332,"Greenwich Village, Manhattan, New York City, New York, USA",
Whatever Works,2009,61332,"Kaufman Astoria Studios - 3412 36th Street, Astoria, Queens, New York City, New York, USA",
Whatever Works,2009,61332,"Manhattan, New York City, New York, USA",
Whatever Works,2009,61332,"New York City, New York, USA",
Whatever Works,2009,61332,"Queens, New York City, New York, USA",
The Squid and the Whale,2005,62032,"Brooklyn College, City University of New York, Brooklyn, New York City, New York, USA",
The Squid and the Whale,2005,62032,"Ditmas Park West, Brooklyn, New York City, New York, USA",
The Squid and the Whale,2005,62032,"Midwood High School, Brooklyn, New York City, New York, USA",
The Squid and the Whale,2005,62032,"Park Slope, Brooklyn, New York City, New York, USA",
Do the Right Thing,1989,62655,"Stuyvesant Ave & Lexington Ave, Brooklyn, New York City, New York, USA",
Do the Right Thing,1989,62655,"Bedford-Stuyvesant, Brooklyn, New York City, New York, USA",
Do the Right Thing,1989,62655,"Brooklyn, New York City, New York, USA",
Do the Right Thing,1989,62655,"Stuyvesant Street, Bedford-Stuyvesant, Brooklyn, New York City, New York, USA",
Do the Right Thing,1989,62655,"Stuyvesant Street, Brooklyn, New York City, New York, USA",
Delivery Man,2013,62881,"Schiller's Liquor Bar, 131 Rivington Street, New York City, New York, USA",
Delivery Man,2013,62881,"Brooklyn, New York City, New York, USA",
Money Monster,2016,64580,"Kaufman Astoria Studios - 3412 36th Street, Astoria, Queens, New York City, New York, USA",
Money Monster,2016,64580,"Manhattan, New York City, New York, USA",
Money Monster,2016,64580,"59 Maiden Lane, New York City, New York, USA",
Awake,2007,64820,"18 East 68th Street, New York City, New York, USA",
Awake,2007,64820,"Bellevue Hospital - 550 First Avenue, Manhattan, New York City, New York, USA",
Awake,2007,64820,"Fordham University, Lincoln Center for the Performing Arts - Columbus Avenue & 61st Street, Manhattan, New York City, New York, USA",
Awake,2007,64820,"Harlem, Manhattan, New York City, New York, USA",
Awake,2007,64820,"Kaufman Astoria Studios - 3412 36th Street, Astoria, Queens, New York City, New York, USA",
Awake,2007,64820,"New York City, New York, USA",
New Year's Eve,2011,69478,"Statue of Liberty, Liberty Island, New York Harbor, New York City, New York, USA",
New Year's Eve,2011,69478,"Brooklyn Bridge, New York City, New York, USA",
New Year's Eve,2011,69478,"Alice Tully Hall, 1941 Broadway, Lincoln Center, Lincoln Center, Manhattan, New York City, New York, USA",
New Year's Eve,2011,69478,"Radio City Music Hall - 1260 6th Avenue, Rockefeller Center, Manhattan, New York City, New York, USA",
New Year's Eve,2011,69478,"Queens Museum of Art, Flushing Meadows, Corona Park, Queens, New York City, New York, USA",
New Year's Eve,2011,69478,"Brooklyn Museum - 200 Eastern Parkway, Brooklyn, New York City, New York, USA",
New Year's Eve,2011,69478,"Silvercup Studios - 4222 22nd Street, Long Island City, Queens, New York City, New York, USA",
New Year's Eve,2011,69478,"New York City, New York, USA",
We Own the Night,2007,74249,"Coney Island, Brooklyn, New York City, New York, USA",
We Own the Night,2007,74249,"Jackson Heights, Queens, New York City, New York, USA",
We Own the Night,2007,74249,"Katz's Delicatessen - 205 East Houston Street, East Village, Manhattan, New York City, New York, USA",
We Own the Night,2007,74249,"Kaufman Astoria Studios - 3412 36th Street, Astoria, Queens, New York City, New York, USA",
We Own the Night,2007,74249,"New York City, New York, USA",
We Own the Night,2007,74249,"Paradise Movie Theatre - 2403 Grand Concourse, Bronx, New York City, New York, USA",
We Own the Night,2007,74249,"Sheepshead Bay, Brooklyn, New York City, New York, USA",
We Own the Night,2007,74249,"Washington Cemetery, Brooklyn, New York City, New York, USA",
Cop Out,2010,76889,"Colonial Rd & 81st St, Brooklyn, New York City, New York, USA",
Cop Out,2010,76889,"Greenpoint, Brooklyn, New York City, New York, USA",
Cop Out,2010,76889,"McGuinness Blvd & Greenpoint Ave, Brooklyn, New York City, New York, USA",
Cop Out,2010,76889,"Metropolitan Ave. and Grandview Ave., Ridgewood, Queens, New York City, New York, USA",
Cop Out,2010,76889,"Myrtle Ave. and Cypress Ave., Ridgewood, Queens, New York City, New York, USA",
Cop Out,2010,76889,"New York City, New York, USA",
Cop Out,2010,76889,"Wythe Ave & S 8th St, Brooklyn, New York City, New York, USA",
That Awkward Moment,2014,80924,"Manhattan, New York City, New York, USA",
That Awkward Moment,2014,80924,"Brooklyn, New York City, New York, USA",
Kramer vs. Kramer,1979,102550,"Central Park, Manhattan, New York City, New York, USA",
Kramer vs. Kramer,1979,102550,"Chrysler Building - 405 Lexington Avenue, Manhattan, New York City, New York, USA",
Kramer vs. Kramer,1979,102550,"Federal Hall, Wall Street, Manhattan, New York City, New York, USA",
Kramer vs. Kramer,1979,102550,"Financial District, Manhattan, New York City, New York, USA",
Kramer vs. Kramer,1979,102550,"Manhattan, New York City, New York, USA",
Kramer vs. Kramer,1979,102550,"New York City, New York, USA",
Kramer vs. Kramer,1979,102550,"Tweed Courthouse - 52 Chambers Street, Manhattan, New York City, New York, USA",
Kramer vs. Kramer,1979,102550,"Wall Street, Manhattan, New York City, New York, USA",
Trainwreck,2015,103879,"Madison Square Garden, New York City, New York, USA",
Trainwreck,2015,103879,"601 West 26th Street, 15th Floor, New York City, New York, USA",
Trainwreck,2015,103879,"Alice's Tea Cup, Chapter 2, 64th & Lexington, New York City, New York, USA",
Trainwreck,2015,103879,"Plattduetsche Home - 1150 Hempstead Turnpike, Franklin Square, New York City, New York, USA",
Trainwreck,2015,103879,"Bryant Park, Manhattan, New York City, New York, USA",
It's Kind of a Funny Story,2010,112166,"Brooklyn, New York City, New York, USA",
Wall Street,1987,123025,"The St. James's tower, 415 East 54th Street, Manhattan, New York City, New York, USA",
Wall Street,1987,123025,"60 W. 75th St, New York City, New York, USA",
Wall Street,1987,123025,"21 Club - 21 West 52nd Street, Manhattan, New York City, New York, USA",
Wall Street,1987,123025,"222 Broadway, Manhattan, New York City, New York, USA",
Wall Street,1987,123025,"Central Park, Manhattan, New York City, New York, USA",
Wall Street,1987,123025,"Manhattan, New York City, New York, USA",
Wall Street,1987,123025,"New York City, New York, USA",
Wall Street,1987,123025,"PJ Moran's Pub and Restaurant, 3 East 48th Street, Manhattan, New York City, New York, USA",
Wall Street,1987,123025,"Tavern on the Green - Central Park at W. 67th Street, Central Park, Manhattan, New York City, New York, USA",
Breakfast at Tiffany's,1961,130021,"167 East 71st Street, Manhattan, New York City, New York, USA",
Breakfast at Tiffany's,1961,130021,"5th Avenue, Manhattan, New York City, New York, USA",
Breakfast at Tiffany's,1961,130021,"71st Street between Lexington & 3rd, Manhattan, New York City, New York, USA",
Breakfast at Tiffany's,1961,130021,"Central Park, Manhattan, New York City, New York, USA",
Breakfast at Tiffany's,1961,130021,"Manhattan, New York City, New York, USA",
Breakfast at Tiffany's,1961,130021,"New York City, New York, USA",
Breakfast at Tiffany's,1961,130021,"Tiffany & Co. - 727 Fifth Avenue at 57th Street, Manhattan, New York City, New York, USA",
"Definitely, Maybe",2008,132043,"New York City, New York, USA",
Pi,1998,147017,"Brooklyn, New York City, New York, USA",
Pi,1998,147017,"Chinatown, Manhattan, New York City, New York, USA",
Pi,1998,147017,"Coney Island, Brooklyn, New York City, New York, USA",
Pi,1998,147017,"Lower East Side, Manhattan, New York City, New York, USA",
Enchanted,2007,148701,"875 Third Avenue, New York City, New York, USA",
Shame,2011,153101,"The Standard, High Line - 848 Washington Street, New York City, New York, USA",
Non-Stop,2014,209903,"New York City, New York, USA",
Inside Man,2006,282977,"The Four Seasons - 99 East 52nd Street, Manhattan, New York City, New York, USA",
Requiem for a Dream,2000,605126,"Coney Island, Brooklyn, New York City, New York, USA",